site,title,link,salary_min,salary_max,salary_currency,city,organization
HeadHanter,Водитель категории Е,https://adsrv.hh.ru/click?b=329606&c=30&meta=AFfyRCU0ZutRZOxrGP3eRWEibN19oVs4K0YNkF2EMAbXnD2hl1CExN7ruB_ChluDuZoBNHHc2Or1hwZDc3Ghg9TwWtpoxlivHSrZyT9TTqUPmEMrqhT464Lw4owl94UyU9rRsIdOEw4vRoTi9vA5JouZq1XveUAMGG-kZD5X0wtK4RsINAjvTXsWHnaevIzJFa_C493XN14CAusXCTwqIQ%3D%3D&place=35&clickType=link_to_vacancy,,100000.0,руб.,Омск,МАГНИТ
HeadHanter,Водитель на самовал,https://adsrv.hh.ru/click?b=367192&c=30&meta=Ie0SefWtf-6kbVa9JTEkox_41tUydF0ml3_WhDFlCHK4GcR1yVRQsM69Rfy-12RM6h-nU7jzcWoxb7WN8VaQUrpejIDon1rff_jmndB_RSQ1CzwZ-Up9NS4V4zQMrQfeU-Gu2Y8U6yJWQqqwHciPxrbTO8GKhPnwW6oOrqH1cQtT543p2IBAtcfnA3cAu2OK0sHwS8t1fpciXAwty6fqUA%3D%3D&place=36&clickType=link_to_vacancy,80000.0,100000.0,руб.,Тула,ООО ТСК
HeadHanter,Водитель-курьер с личным легковым автомобилем,https://lyubertsy.hh.ru/vacancy/77143606?from=vacancy_search_list&query=%D0%B2%D0%BE%D0%B4%D0%B8%D1%82%D0%B5%D0%BB%D1%8C,90000.0,130000.0,руб.,Москва,ТопДеливери
HeadHanter,Водитель Яндекс.Такси на АВТОМОБИЛЕ КОМПАНИИ,https://lyubertsy.hh.ru/vacancy/52493958?from=vacancy_search_list&query=%D0%B2%D0%BE%D0%B4%D0%B8%D1%82%D0%B5%D0%BB%D1%8C,1300.0,2500.0,бел.руб.,Минск,ООО ПРАЙМ МОТОРС
HeadHanter,Водитель легкового автомобиля (такси),https://lyubertsy.hh.ru/vacancy/76399462?from=vacancy_search_list&query=%D0%B2%D0%BE%D0%B4%D0%B8%D1%82%D0%B5%D0%BB%D1%8C,90000.0,,руб.,Санкт-Петербург,ООО Вк Групп
HeadHanter,Водитель-курьер на личном автомобиле (Кемерово),https://lyubertsy.hh.ru/vacancy/76962474?from=vacancy_search_list&query=%D0%B2%D0%BE%D0%B4%D0%B8%D1%82%D0%B5%D0%BB%D1%8C,75000.0,,руб.,Кемерово,Ozon Производство
HeadHanter,Водитель-курьер (Разные районы города),https://lyubertsy.hh.ru/vacancy/75169942?from=vacancy_search_list&query=%D0%B2%D0%BE%D0%B4%D0%B8%D1%82%D0%B5%D0%BB%D1%8C,,130000.0,руб.,Санкт-Петербург,ТОКИО-CITY
HeadHanter,Водитель штатный на автомобиль компании,https://lyubertsy.hh.ru/vacancy/76966722?from=vacancy_search_list&query=%D0%B2%D0%BE%D0%B4%D0%B8%D1%82%D0%B5%D0%BB%D1%8C,,200000.0,руб.,Москва,Trust Human Resources
HeadHanter,Водитель-курьер на личном автомобиле (Гоголя ул.),https://lyubertsy.hh.ru/vacancy/77015906?from=vacancy_search_list&query=%D0%B2%D0%BE%D0%B4%D0%B8%D1%82%D0%B5%D0%BB%D1%8C,67500.0,,руб.,Череповец,Ozon Производство
HeadHanter,Водитель-международник-стажёр,https://lyubertsy.hh.ru/vacancy/69183710?from=vacancy_search_list&query=%D0%B2%D0%BE%D0%B4%D0%B8%D1%82%D0%B5%D0%BB%D1%8C,1200.0,,EUR,Минск,R Group
HeadHanter,Водитель-курьер на автомобиле компании (юг города),https://lyubertsy.hh.ru/vacancy/76640105?from=vacancy_search_list&query=%D0%B2%D0%BE%D0%B4%D0%B8%D1%82%D0%B5%D0%BB%D1%8C,50000.0,55000.0,руб.,Санкт-Петербург,Орешкофф.рф
HeadHanter,Водитель Категории D,https://lyubertsy.hh.ru/vacancy/76947525?from=vacancy_search_list&query=%D0%B2%D0%BE%D0%B4%D0%B8%D1%82%D0%B5%D0%BB%D1%8C,50000.0,60000.0,руб.,Видное,ООО Аэросиб С
HeadHanter,Курьер-водитель в Москве на доставку легких заказов (подработка),https://lyubertsy.hh.ru/vacancy/77051322?from=vacancy_search_list&query=%D0%B2%D0%BE%D0%B4%D0%B8%D1%82%D0%B5%D0%BB%D1%8C,,150000.0,руб.,Москва,ООО Курьерист
HeadHanter,Водитель специального грузового автомобиля мусоровоза,https://lyubertsy.hh.ru/vacancy/66792562?from=vacancy_search_list&query=%D0%B2%D0%BE%D0%B4%D0%B8%D1%82%D0%B5%D0%BB%D1%8C,2300.0,,бел.руб.,Минск,УП Филиал №1 Унитарного предприятия Вторичный щебень
HeadHanter,Водитель-международник (стажер),https://lyubertsy.hh.ru/vacancy/70867763?from=vacancy_search_list&query=%D0%B2%D0%BE%D0%B4%D0%B8%D1%82%D0%B5%D0%BB%D1%8C,1800.0,2500.0,EUR,Минск,ООО ИНТЕРТРАНСАВТО
HeadHanter,Персональный водитель Бизнес такси,https://lyubertsy.hh.ru/vacancy/76948498?from=vacancy_search_list&query=%D0%B2%D0%BE%D0%B4%D0%B8%D1%82%D0%B5%D0%BB%D1%8C,100000.0,180000.0,руб.,Москва,ATOMLINE (ИП Ромов Владимир Анатольевич)
HeadHanter,Водитель категории С в г. Минск,https://lyubertsy.hh.ru/vacancy/68924015?from=vacancy_search_list&query=%D0%B2%D0%BE%D0%B4%D0%B8%D1%82%D0%B5%D0%BB%D1%8C,1900.0,,бел.руб.,Минск,ООО АйсЛогистик
HeadHanter,Водитель-курьер на автомобиле компании,https://lyubertsy.hh.ru/vacancy/69958302?from=vacancy_search_list&query=%D0%B2%D0%BE%D0%B4%D0%B8%D1%82%D0%B5%D0%BB%D1%8C,75000.0,150000.0,руб.,Москва,Lamoda
HeadHanter,Водитель Яндекс.Такси / Uber (НОЧНЫЕ СМЕНЫ),https://lyubertsy.hh.ru/vacancy/50402327?from=vacancy_search_list&query=%D0%B2%D0%BE%D0%B4%D0%B8%D1%82%D0%B5%D0%BB%D1%8C,1200.0,2500.0,бел.руб.,Минск,ООО ПРАЙМ МОТОРС
HeadHanter,Курьер-Водитель на личном автомобиле,https://lyubertsy.hh.ru/vacancy/76752695?from=vacancy_search_list&query=%D0%B2%D0%BE%D0%B4%D0%B8%D1%82%D0%B5%D0%BB%D1%8C,50000.0,,руб.,Краснодар,5P.Lab
HeadHanter,Водитель-дальнобойщик,https://adsrv.hh.ru/click?b=365559&c=30&meta=IChsnS7dCBe4T5Ka3V96p_x30jU65Mx8Z9jrRqf-6h_qMTlpWtDP7PlcIhub7Ufw-eHwBg1svmH9Il-pWjutCSDgSTxYrxdoeCe-7H1UY4WrDt4nwJO-xyd7nufsiPOfyiCi0MNVFVg1ULYLzvDpxE9sMgqupJIVGN9-pq_5ptJ-ynSMIpvZ24PH6lV9J-5daKwf2hfeD9GUl8CYQ5VZVg%3D%3D&place=35&clickType=link_to_vacancy,120000.0,120000.0,руб.,Новосибирск,ООО Ареал
HeadHanter,Водитель такси на автомобиль компании,https://adsrv.hh.ru/click?b=368042&c=30&meta=1pP-CLXsKjLiTuH_2z0Es9V7_7JAx8-XS64kYg3W-r6QOgSus72DnLyNwJfB25-F2viUr_GtA8IsG56Fc-1O4Hh03d5jlpDzjqoIy-CL1cdUg5ZS1-gXxCduuoocOLCdc4uHcxUInlj0tUg7SYRX6lf1HK2ounzoBaU4aOijbozHPRmQCofd600XaMaWPPUS1xOSM_sut1gz1ujIwexKAw%3D%3D&place=36&clickType=link_to_vacancy,50000.0,100000.0,руб.,Новосибирск,Таксопарк №1
HeadHanter,"Водитель категории С,Е (дальнобойщик)",https://lyubertsy.hh.ru/vacancy/76988766?from=vacancy_search_list&query=%D0%B2%D0%BE%D0%B4%D0%B8%D1%82%D0%B5%D0%BB%D1%8C,120000.0,140000.0,руб.,Балашиха,ООО ФЕРЕБАТ
HeadHanter,Водитель категории Е,https://lyubertsy.hh.ru/vacancy/46567605?from=vacancy_search_list&query=%D0%B2%D0%BE%D0%B4%D0%B8%D1%82%D0%B5%D0%BB%D1%8C,,100000.0,руб.,Оренбург,МАГНИТ
HeadHanter,Водитель категории Е,https://lyubertsy.hh.ru/vacancy/77116431?from=vacancy_search_list&query=%D0%B2%D0%BE%D0%B4%D0%B8%D1%82%D0%B5%D0%BB%D1%8C,60000.0,,руб.,Чебаркуль,ООО Горизонт
HeadHanter,"Водитель категории ""Е""",https://lyubertsy.hh.ru/vacancy/37803674?from=vacancy_search_list&query=%D0%B2%D0%BE%D0%B4%D0%B8%D1%82%D0%B5%D0%BB%D1%8C,,145000.0,руб.,Екатеринбург,МАГНИТ
HeadHanter,Водитель категории С,https://lyubertsy.hh.ru/vacancy/71199731?from=vacancy_search_list&query=%D0%B2%D0%BE%D0%B4%D0%B8%D1%82%D0%B5%D0%BB%D1%8C,48500.0,55000.0,руб.,Киров (Кировская область),МАГНИТ
HeadHanter,Водитель седельного тягача,https://lyubertsy.hh.ru/vacancy/77011492?from=vacancy_search_list&query=%D0%B2%D0%BE%D0%B4%D0%B8%D1%82%D0%B5%D0%BB%D1%8C,125000.0,,руб.,Красноярск,ООО ТрансЛидер
HeadHanter,Менеджер по подбору персонала,https://lyubertsy.hh.ru/vacancy/54585790?from=vacancy_search_list&query=%D0%B2%D0%BE%D0%B4%D0%B8%D1%82%D0%B5%D0%BB%D1%8C,80000.0,130000.0,руб.,Москва,Персональный Водитель
HeadHanter,Водитель категории Е,https://lyubertsy.hh.ru/vacancy/69007008?from=vacancy_search_list&query=%D0%B2%D0%BE%D0%B4%D0%B8%D1%82%D0%B5%D0%BB%D1%8C,,100000.0,руб.,Омск,МАГНИТ
HeadHanter,Водитель категории Е,https://lyubertsy.hh.ru/vacancy/54405952?from=vacancy_search_list&query=%D0%B2%D0%BE%D0%B4%D0%B8%D1%82%D0%B5%D0%BB%D1%8C,90000.0,150000.0,руб.,Славянск-на-Кубани,МАГНИТ
HeadHanter,Водитель категории Е (Транзитная доставка),https://lyubertsy.hh.ru/vacancy/70913632?from=vacancy_search_list&query=%D0%B2%D0%BE%D0%B4%D0%B8%D1%82%D0%B5%D0%BB%D1%8C,,120000.0,руб.,Нижний Новгород,МАГНИТ
HeadHanter,"Водитель категории ""Е""",https://lyubertsy.hh.ru/vacancy/45455752?from=vacancy_search_list&query=%D0%B2%D0%BE%D0%B4%D0%B8%D1%82%D0%B5%D0%BB%D1%8C,,145000.0,руб.,Йошкар-Ола,МАГНИТ
HeadHanter,Водитель категории Е,https://lyubertsy.hh.ru/vacancy/74330226?from=vacancy_search_list&query=%D0%B2%D0%BE%D0%B4%D0%B8%D1%82%D0%B5%D0%BB%D1%8C,,115000.0,руб.,Пенза,МАГНИТ
HeadHanter,Водитель категории Е,https://lyubertsy.hh.ru/vacancy/69243001?from=vacancy_search_list&query=%D0%B2%D0%BE%D0%B4%D0%B8%D1%82%D0%B5%D0%BB%D1%8C,84000.0,115000.0,руб.,Саратов,МАГНИТ
HeadHanter,Водитель категории Е,https://lyubertsy.hh.ru/vacancy/71055769?from=vacancy_search_list&query=%D0%B2%D0%BE%D0%B4%D0%B8%D1%82%D0%B5%D0%BB%D1%8C,,115000.0,руб.,Ижевск,МАГНИТ
HeadHanter,Водитель-международник (ЕС-СНГ),https://lyubertsy.hh.ru/vacancy/69972204?from=vacancy_search_list&query=%D0%B2%D0%BE%D0%B4%D0%B8%D1%82%D0%B5%D0%BB%D1%8C,1800.0,2300.0,EUR,Минск,ООО ИНТЕРТРАНСАВТО
HeadHanter,Водитель-курьер на личном автомобиле к партнеру Delivery Club,https://lyubertsy.hh.ru/vacancy/76328828?from=vacancy_search_list&query=%D0%B2%D0%BE%D0%B4%D0%B8%D1%82%D0%B5%D0%BB%D1%8C,,110000.0,руб.,Новокузнецк,Delivery Club
HeadHanter,Водитель-курьер на личном автомобиле к партнеру Delivery Club,https://lyubertsy.hh.ru/vacancy/76328814?from=vacancy_search_list&query=%D0%B2%D0%BE%D0%B4%D0%B8%D1%82%D0%B5%D0%BB%D1%8C,,110000.0,руб.,Домодедово,Delivery Club
HeadHanter,Водитель-курьер на личном грузовом автомобиле (Альметьевский тракт),https://lyubertsy.hh.ru/vacancy/76648472?from=vacancy_search_list&query=%D0%B2%D0%BE%D0%B4%D0%B8%D1%82%D0%B5%D0%BB%D1%8C,169000.0,,руб.,Набережные Челны,Ozon Производство
HeadHanter,Ночной водитель такси,https://adsrv.hh.ru/click?b=366502&c=30&meta=fnh-ZElP8d_hM3IKMpHHMtBn8l7d0H4u5C4EFk7LjqMkW5jGvfSNtqW50r0cLkwgOyUyTzdfPFh8Z689gmbsToEY-F2sa1_WNxPvlYOBTkbY4tmY-QbthrwPrOmq6HsctwUWahLOIBXua2dJh8AEZUasemTXNzgHR34O_mOrkahaC3faYLyEaaI-d1IkiO2B0k2hlkCi_PaYqOUoKCf_vg%3D%3D&place=35&clickType=link_to_vacancy,65000.0,125000.0,руб.,Санкт-Петербург,Black&Yellow
HeadHanter,Водитель-курьер с личным автомобилем,https://lyubertsy.hh.ru/vacancy/72738767?from=vacancy_search_list&query=%D0%B2%D0%BE%D0%B4%D0%B8%D1%82%D0%B5%D0%BB%D1%8C,,115000.0,руб.,Электросталь,ООО Изи Лоджистик
HeadHanter,Водитель-курьер с личным автомобилем,https://lyubertsy.hh.ru/vacancy/71723393?from=vacancy_search_list&query=%D0%B2%D0%BE%D0%B4%D0%B8%D1%82%D0%B5%D0%BB%D1%8C,,115000.0,руб.,Белгород,ООО Изи Лоджистик
HeadHanter,Водитель категории Е,https://lyubertsy.hh.ru/vacancy/74127842?from=vacancy_search_list&query=%D0%B2%D0%BE%D0%B4%D0%B8%D1%82%D0%B5%D0%BB%D1%8C,,105000.0,руб.,Россошь,МАГНИТ
HeadHanter,Водитель-курьер с личным грузовым автомобилем,https://lyubertsy.hh.ru/vacancy/76982787?from=vacancy_search_list&query=%D0%B2%D0%BE%D0%B4%D0%B8%D1%82%D0%B5%D0%BB%D1%8C,,120000.0,руб.,Пермь,СДЭК
HeadHanter,Водитель категории С,https://lyubertsy.hh.ru/vacancy/47442843?from=vacancy_search_list&query=%D0%B2%D0%BE%D0%B4%D0%B8%D1%82%D0%B5%D0%BB%D1%8C,80000.0,100000.0,руб.,Дмитров,МАГНИТ
HeadHanter,Водитель категории Е,https://lyubertsy.hh.ru/vacancy/67862069?from=vacancy_search_list&query=%D0%B2%D0%BE%D0%B4%D0%B8%D1%82%D0%B5%D0%BB%D1%8C,90000.0,120000.0,руб.,Владикавказ,МАГНИТ
HeadHanter,Водитель категории Е,https://lyubertsy.hh.ru/vacancy/69243006?from=vacancy_search_list&query=%D0%B2%D0%BE%D0%B4%D0%B8%D1%82%D0%B5%D0%BB%D1%8C,84000.0,115000.0,руб.,Энгельс,МАГНИТ
HeadHanter,Водитель Яндекс такси на автомобили компании (Рио/Солярис/Поло/Камри/К5/Кулреи/Атлас),https://lyubertsy.hh.ru/vacancy/77000140?from=vacancy_search_list&query=%D0%B2%D0%BE%D0%B4%D0%B8%D1%82%D0%B5%D0%BB%D1%8C,86000.0,142000.0,руб.,Санкт-Петербург,GDel
HeadHanter,Водитель-экспедитор на личном грузовом автомобиле 1.5 т,https://lyubertsy.hh.ru/vacancy/76276259?from=vacancy_search_list&query=%D0%B2%D0%BE%D0%B4%D0%B8%D1%82%D0%B5%D0%BB%D1%8C,120000.0,,руб.,Череповец,Комус
HeadHanter,Водитель руководителя,https://lyubertsy.hh.ru/vacancy/77142749?from=vacancy_search_list&query=%D0%B2%D0%BE%D0%B4%D0%B8%D1%82%D0%B5%D0%BB%D1%8C,42320.0,,руб.,Казань,ООО Фонд Прямых Инвестиций
HeadHanter,Личный водитель,https://lyubertsy.hh.ru/vacancy/77178180?from=vacancy_search_list&query=%D0%B2%D0%BE%D0%B4%D0%B8%D1%82%D0%B5%D0%BB%D1%8C,40000.0,,руб.,Волгоград,Старовойтова Анна Владимировна
HeadHanter,Водитель офисный,https://lyubertsy.hh.ru/vacancy/77138308?from=vacancy_search_list&query=%D0%B2%D0%BE%D0%B4%D0%B8%D1%82%D0%B5%D0%BB%D1%8C,45000.0,,руб.,Набережные Челны,АО Венталл-Кама
HeadHanter,Водитель,https://lyubertsy.hh.ru/vacancy/77178193?from=vacancy_search_list&query=%D0%B2%D0%BE%D0%B4%D0%B8%D1%82%D0%B5%D0%BB%D1%8C,,90000.0,руб.,Челябинск,ООО КР ГРУПП
HeadHanter,Персональный водитель руководителя,https://lyubertsy.hh.ru/vacancy/77214545?from=vacancy_search_list&query=%D0%B2%D0%BE%D0%B4%D0%B8%D1%82%D0%B5%D0%BB%D1%8C,50000.0,70000.0,руб.,Тула,СофтИнжиниринг
HeadHanter,Семейный водитель,https://lyubertsy.hh.ru/vacancy/77121856?from=vacancy_search_list&query=%D0%B2%D0%BE%D0%B4%D0%B8%D1%82%D0%B5%D0%BB%D1%8C,50000.0,,руб.,Казань,Капснаб
HeadHanter,Водитель - экспедитор категории В на Ford Transit (Межгород),https://lyubertsy.hh.ru/vacancy/77210139?from=vacancy_search_list&query=%D0%B2%D0%BE%D0%B4%D0%B8%D1%82%D0%B5%D0%BB%D1%8C,45000.0,65000.0,руб.,Казань,ООО Родные Края
HeadHanter,Водитель-перегонщик машин каршеринга,https://lyubertsy.hh.ru/vacancy/77195244?from=vacancy_search_list&query=%D0%B2%D0%BE%D0%B4%D0%B8%D1%82%D0%B5%D0%BB%D1%8C,,60000.0,руб.,Екатеринбург,ООО КарШайн
HeadHanter,Личный семейный водитель,https://lyubertsy.hh.ru/vacancy/76651826?from=vacancy_search_list&query=%D0%B2%D0%BE%D0%B4%D0%B8%D1%82%D0%B5%D0%BB%D1%8C,60000.0,60000.0,руб.,Тюмень,ООО Паритет
HeadHanter,Водитель автомобиля легкового категории В,https://lyubertsy.hh.ru/vacancy/77116372?from=vacancy_search_list&query=%D0%B2%D0%BE%D0%B4%D0%B8%D1%82%D0%B5%D0%BB%D1%8C,50000.0,,руб.,Новокузнецк,ООО Автоколонна 005
